{"block.piston.contract":{"sounds":[{"name":"tile\/piston\/in","volume":0.05}],"replace":true,"subtitle":"subtitles.block.piston.move"},"block.piston.extend":{"sounds":[{"name":"tile\/piston\/out","volume":0.05}],"replace":true,"subtitle":"subtitles.block.piston.move"},"entity.player.burp":{"sounds":[{"name":"random\/burp","volume":0.05}],"replace":true,"subtitle":"subtitles.entity.player.burp"},"entity.generic.drink":{"sounds":[{"name":"random\/drink","volume":0.05}],"replace":true,"subtitle":"subtitles.entity.generic.drink"},"entity.generic.eat":{"sounds":[{"name":"random\/eat1","volume":0.05},{"name":"random\/eat2","volume":0.05},{"name":"random\/eat3","volume":0.05}],"replace":true,"subtitle":"subtitles.entity.generic.eat"},"ambient.underwater.enter":{"sounds":[{"name":"ambient\/underwater\/enter1","volume":0.025},{"name":"ambient\/underwater\/enter2","volume":0.025},{"name":"ambient\/underwater\/enter3","volume":0.025}],"replace":true},"ambient.underwater.exit":{"sounds":[{"name":"ambient\/underwater\/exit1","volume":0.015},{"name":"ambient\/underwater\/exit2","volume":0.015},{"name":"ambient\/underwater\/exit3","volume":0.015}],"replace":true},"ambient.underwater.loop":{"sounds":[{"name":"ambient\/underwater\/underwater_ambience","stream":true,"volume":0.0325}],"replace":true},"ambient.underwater.loop.additions":{"sounds":[{"name":"ambient\/underwater\/additions\/bubbles1","volume":0.05},{"name":"ambient\/underwater\/additions\/bubbles2","volume":0.05},{"name":"ambient\/underwater\/additions\/bubbles3","volume":0.05},{"name":"ambient\/underwater\/additions\/bubbles4","volume":0.05},{"name":"ambient\/underwater\/additions\/bubbles5","volume":0.05},{"name":"ambient\/underwater\/additions\/bubbles6","volume":0.05},{"name":"ambient\/underwater\/additions\/water1","volume":0.05},{"name":"ambient\/underwater\/additions\/water2","volume":0.05}],"replace":true},"ambient.underwater.loop.additions.rare":{"sounds":[{"name":"ambient\/underwater\/additions\/animal1","volume":0.0225},{"name":"ambient\/underwater\/additions\/bass_whale1","volume":0.0225},{"name":"ambient\/underwater\/additions\/bass_whale2","volume":0.025},{"name":"ambient\/underwater\/additions\/crackles1","volume":0.035},{"name":"ambient\/underwater\/additions\/crackles2","volume":0.05},{"name":"ambient\/underwater\/additions\/driplets1","volume":0.025},{"name":"ambient\/underwater\/additions\/driplets2","volume":0.025},{"name":"ambient\/underwater\/additions\/earth_crack","volume":0.05}],"replace":true},"ambient.underwater.loop.additions.ultra_rare":{"sounds":[{"name":"ambient\/underwater\/additions\/animal2","volume":0.05},{"name":"ambient\/underwater\/additions\/dark1","volume":0.05},{"name":"ambient\/underwater\/additions\/dark2","volume":0.035},{"name":"ambient\/underwater\/additions\/dark3","volume":0.05},{"name":"ambient\/underwater\/additions\/dark4","volume":0.05}],"replace":true},"block.pointed_dripstone.drip_water":{"sounds":[{"name":"block\/pointed_dripstone\/drip_water1","volume":0.05},{"name":"block\/pointed_dripstone\/drip_water2","volume":0.05},{"name":"block\/pointed_dripstone\/drip_water3","volume":0.05},{"name":"block\/pointed_dripstone\/drip_water4","volume":0.05},{"name":"block\/pointed_dripstone\/drip_water5","volume":0.05},{"name":"block\/pointed_dripstone\/drip_water6","volume":0.05},{"name":"block\/pointed_dripstone\/drip_water7","volume":0.05},{"name":"block\/pointed_dripstone\/drip_water8","volume":0.05},{"name":"block\/pointed_dripstone\/drip_water9","volume":0.05},{"name":"block\/pointed_dripstone\/drip_water10","volume":0.05},{"name":"block\/pointed_dripstone\/drip_water11","volume":0.05},{"name":"block\/pointed_dripstone\/drip_water12","volume":0.05},{"name":"block\/pointed_dripstone\/drip_water13","volume":0.05},{"name":"block\/pointed_dripstone\/drip_water14","volume":0.05},{"name":"block\/pointed_dripstone\/drip_water15","volume":0.05}],"replace":true,"subtitle":"subtitles.block.pointed_dripstone.drip_water"},"block.pointed_dripstone.drip_water_into_cauldron":{"sounds":[{"name":"block\/pointed_dripstone\/drip_water_cauldron1","volume":0.05},{"name":"block\/pointed_dripstone\/drip_water_cauldron2","volume":0.05},{"name":"block\/pointed_dripstone\/drip_water_cauldron3","volume":0.05},{"name":"block\/pointed_dripstone\/drip_water_cauldron4","volume":0.05},{"name":"block\/pointed_dripstone\/drip_water_cauldron5","volume":0.05},{"name":"block\/pointed_dripstone\/drip_water_cauldron6","volume":0.05},{"name":"block\/pointed_dripstone\/drip_water_cauldron7","volume":0.05},{"name":"block\/pointed_dripstone\/drip_water_cauldron8","volume":0.05}],"replace":true,"subtitle":"subtitles.block.pointed_dripstone.drip_water_into_cauldron"},"block.water.ambient":{"sounds":[{"name":"liquid\/water","volume":0.05}],"replace":true,"subtitle":"subtitles.block.water.ambient"},"entity.player.swim":{"sounds":[{"name":"liquid\/swim5","volume":0.05},{"name":"liquid\/swim6","volume":0.05},{"name":"liquid\/swim7","volume":0.05},{"name":"liquid\/swim8","volume":0.05},{"name":"liquid\/swim9","volume":0.05},{"name":"liquid\/swim10","volume":0.05},{"name":"liquid\/swim11","volume":0.05},{"name":"liquid\/swim12","volume":0.05},{"name":"liquid\/swim13","volume":0.05},{"name":"liquid\/swim14","volume":0.05},{"name":"liquid\/swim15","volume":0.05},{"name":"liquid\/swim16","volume":0.05},{"name":"liquid\/swim17","volume":0.05},{"name":"liquid\/swim18","volume":0.05}],"replace":true,"subtitle":"subtitles.entity.generic.swim"},"block.portal.ambient":{"sounds":[{"attenuation_distance":10,"name":"portal\/portal","volume":0.05}],"replace":true,"subtitle":"subtitles.block.portal.ambient"},"block.portal.travel":{"sounds":[{"name":"portal\/travel","volume":0.05}],"replace":true},"block.portal.trigger":{"sounds":[{"name":"portal\/trigger","volume":0.05}],"replace":true,"subtitle":"subtitles.block.portal.trigger"},"item.flintandsteel.use":{"sounds":[{"name":"fire\/ignite","volume":0.05}],"replace":true,"subtitle":"subtitles.item.flintandsteel.use"},"entity.generic.extinguish_fire":{"sounds":[{"name":"random\/fizz","volume":0.05}],"replace":true,"subtitle":"subtitles.entity.generic.extinguish_fire"},"block.fire.extinguish":{"sounds":[{"name":"random\/fizz","volume":0.05}],"replace":true,"subtitle":"subtitles.block.fire.extinguish"},"entity.player.hurt_on_fire":{"sounds":[{"name":"entity\/player\/hurt\/fire_hurt1","volume":0.05},{"name":"entity\/player\/hurt\/fire_hurt2","volume":0.05},{"name":"entity\/player\/hurt\/fire_hurt3","volume":0.05}],"replace":true,"subtitle":"subtitles.entity.player.hurt_on_fire"},"block.fire.ambient":{"sounds":[{"name":"fire\/fire","volume":0.05}],"replace":true,"subtitle":"subtitles.block.fire.ambient"},"entity.minecart.inside":{"sounds":[{"name":"minecart\/inside","volume":0.05}],"replace":true},"entity.minecart.inside.underwater":{"sounds":[{"name":"minecart\/inside_underwater1","volume":0.05},{"name":"minecart\/inside_underwater2","volume":0.05},{"name":"minecart\/inside_underwater3","volume":0.05}],"replace":true},"entity.minecart.riding":{"sounds":[{"name":"minecart\/base","volume":0.05}],"replace":true,"subtitle":"subtitles.entity.minecart.riding"},"block.dispenser.dispense":{"sounds":[{"name":"random\/click","volume":0.05}],"replace":true,"subtitle":"subtitles.block.dispenser.dispense"},"block.dispenser.fail":{"sounds":[{"name":"random\/click","volume":0.05}],"replace":true,"subtitle":"subtitles.block.dispenser.fail"},"block.dispenser.launch":{"sounds":[{"name":"random\/bow","volume":0.05}],"replace":true,"subtitle":"subtitles.block.dispenser.dispense"},"weather.rain":{"sounds":[{"name":"ambient\/weather\/rain1","volume":0.05},{"name":"ambient\/weather\/rain2","volume":0.05},{"name":"ambient\/weather\/rain3","volume":0.05},{"name":"ambient\/weather\/rain4","volume":0.05},{"name":"ambient\/weather\/rain5","volume":0.05},{"name":"ambient\/weather\/rain6","volume":0.05},{"name":"ambient\/weather\/rain7","volume":0.05},{"name":"ambient\/weather\/rain8","volume":0.05}],"replace":true,"subtitle":"subtitles.weather.rain"},"weather.rain.above":{"sounds":[{"name":"ambient\/weather\/rain1","volume":0.05},{"name":"ambient\/weather\/rain2","volume":0.05},{"name":"ambient\/weather\/rain3","volume":0.05},{"name":"ambient\/weather\/rain4","volume":0.05}],"replace":true,"subtitle":"subtitles.weather.rain"},"entity.villager.ambient":{"sounds":[{"name":"mob\/villager\/idle1","volume":0.05},{"name":"mob\/villager\/idle2","volume":0.05},{"name":"mob\/villager\/idle3","volume":0.05}],"replace":true,"subtitle":"subtitles.entity.villager.ambient"},"entity.villager.celebrate":{"sounds":[{"name":"mob\/villager\/yes1","volume":0.05},{"name":"mob\/villager\/yes2","volume":0.05},{"name":"mob\/villager\/yes3","volume":0.05}],"replace":true,"subtitle":"subtitles.entity.villager.celebrate"},"entity.villager.death":{"sounds":[{"name":"mob\/villager\/death","volume":0.05}],"replace":true,"subtitle":"subtitles.entity.villager.death"},"entity.villager.hurt":{"sounds":[{"name":"mob\/villager\/hit1","volume":0.05},{"name":"mob\/villager\/hit2","volume":0.05},{"name":"mob\/villager\/hit3","volume":0.05},{"name":"mob\/villager\/hit4","volume":0.05}],"replace":true,"subtitle":"subtitles.entity.villager.hurt"},"entity.villager.no":{"sounds":[{"name":"mob\/villager\/no1","volume":0.05},{"name":"mob\/villager\/no2","volume":0.05},{"name":"mob\/villager\/no3","volume":0.05}],"replace":true,"subtitle":"subtitles.entity.villager.no"},"entity.villager.trade":{"sounds":[{"name":"mob\/villager\/haggle1","volume":0.05},{"name":"mob\/villager\/haggle2","volume":0.05},{"name":"mob\/villager\/haggle3","volume":0.05}],"replace":true,"subtitle":"subtitles.entity.villager.trade"},"entity.villager.work_armorer":{"sounds":[{"name":"block\/blastfurnace\/blastfurnace1","volume":0.05},{"name":"block\/blastfurnace\/blastfurnace2","volume":0.05},{"name":"block\/blastfurnace\/blastfurnace3","volume":0.05},{"name":"block\/blastfurnace\/blastfurnace4","volume":0.05},{"name":"block\/blastfurnace\/blastfurnace5","volume":0.05}],"replace":true,"subtitle":"subtitles.entity.villager.work_armorer"},"entity.villager.work_butcher":{"sounds":[{"name":"block\/smoker\/smoker1","volume":0.05},{"name":"block\/smoker\/smoker2","volume":0.05},{"name":"block\/smoker\/smoker3","volume":0.05},{"name":"block\/smoker\/smoker4","volume":0.05},{"name":"block\/smoker\/smoker5","volume":0.05}],"replace":true,"subtitle":"subtitles.entity.villager.work_butcher"},"entity.villager.work_cartographer":{"sounds":[{"name":"ui\/cartography_table\/drawmap1","volume":0.05},{"name":"ui\/cartography_table\/drawmap2","volume":0.05},{"name":"ui\/cartography_table\/drawmap3","volume":0.05}],"replace":true,"subtitle":"subtitles.entity.villager.work_cartographer"},"entity.villager.work_cleric":{"sounds":[{"name":"block\/brewing_stand\/brew1","volume":0.05},{"name":"block\/brewing_stand\/brew2","volume":0.05}],"replace":true,"subtitle":"subtitles.entity.villager.work_cleric"},"entity.villager.work_farmer":{"sounds":[{"name":"block\/composter\/fill_success1","volume":0.05},{"name":"block\/composter\/fill_success2","volume":0.05},{"name":"block\/composter\/fill_success3","volume":0.05},{"name":"block\/composter\/fill_success4","volume":0.05}],"replace":true,"subtitle":"subtitles.entity.villager.work_farmer"},"entity.villager.work_fisherman":{"sounds":[{"name":"block\/barrel\/open1","volume":0.05},{"name":"block\/barrel\/open2","volume":0.05}],"replace":true,"subtitle":"subtitles.entity.villager.work_fisherman"},"entity.villager.work_fletcher":{"sounds":[{"name":"block\/fletching_table\/fletching_table1","volume":0.05},{"name":"block\/fletching_table\/fletching_table2","volume":0.05}],"replace":true,"subtitle":"subtitles.entity.villager.work_fletcher"},"entity.villager.work_leatherworker":{"sounds":[{"name":"block\/cauldron\/dye1","volume":0.045},{"name":"block\/cauldron\/dye2","volume":0.045},{"name":"block\/cauldron\/dye3","volume":0.045}],"replace":true,"subtitle":"subtitles.entity.villager.work_leatherworker"},"entity.villager.work_librarian":{"sounds":[{"name":"item\/book\/open_flip1","volume":0.1},{"name":"item\/book\/open_flip2","volume":0.1},{"name":"item\/book\/open_flip3","volume":0.1}],"replace":true,"subtitle":"subtitles.entity.villager.work_librarian"},"entity.villager.work_mason":{"sounds":[{"name":"ui\/stonecutter\/cut1","pitch":0.92,"volume":0.05},{"name":"ui\/stonecutter\/cut1","volume":0.05},{"name":"ui\/stonecutter\/cut2","pitch":0.92,"volume":0.05},{"name":"ui\/stonecutter\/cut2","volume":0.05}],"replace":true,"subtitle":"subtitles.entity.villager.work_mason"},"entity.villager.work_shepherd":{"sounds":[{"name":"ui\/loom\/take_result1","volume":0.025},{"name":"ui\/loom\/take_result2","volume":0.025}],"replace":true,"subtitle":"subtitles.entity.villager.work_shepherd"},"entity.villager.work_toolsmith":{"sounds":[{"name":"block\/smithing_table\/smithing_table1","volume":0.05},{"name":"block\/smithing_table\/smithing_table2","volume":0.05},{"name":"block\/smithing_table\/smithing_table3","volume":0.05}],"replace":true,"subtitle":"subtitles.entity.villager.work_toolsmith"},"entity.villager.work_weaponsmith":{"sounds":[{"name":"block\/grindstone\/grindstone1","volume":0.025},{"name":"block\/grindstone\/grindstone2","volume":0.025},{"name":"block\/grindstone\/grindstone3","volume":0.025}],"replace":true,"subtitle":"subtitles.entity.villager.work_weaponsmith"},"entity.villager.yes":{"sounds":[{"name":"mob\/villager\/yes1","volume":0.025},{"name":"mob\/villager\/yes2","volume":0.025},{"name":"mob\/villager\/yes3","volume":0.025}],"replace":true,"subtitle":"subtitles.entity.villager.yes"},"entity.wandering_trader.ambient":{"sounds":[{"name":"mob\/wandering_trader\/idle1","volume":0.05},{"name":"mob\/wandering_trader\/idle2","volume":0.05},{"name":"mob\/wandering_trader\/idle3","volume":0.05},{"name":"mob\/wandering_trader\/idle4","volume":0.05},{"name":"mob\/wandering_trader\/idle5","volume":0.05}],"replace":true,"subtitle":"subtitles.entity.wandering_trader.ambient"},"entity.wandering_trader.death":{"sounds":[{"name":"mob\/wandering_trader\/death","volume":0.05}],"replace":true,"subtitle":"subtitles.entity.wandering_trader.death"},"entity.wandering_trader.disappeared":{"sounds":[{"name":"mob\/wandering_trader\/disappeared1","volume":0.04},{"name":"mob\/wandering_trader\/disappeared2","volume":0.04}],"replace":true,"subtitle":"subtitles.entity.wandering_trader.disappeared"},"entity.wandering_trader.drink_milk":{"sounds":[{"name":"mob\/wandering_trader\/drink_milk1","volume":0.05},{"name":"mob\/wandering_trader\/drink_milk2","volume":0.05},{"name":"mob\/wandering_trader\/drink_milk3","volume":0.05},{"name":"mob\/wandering_trader\/drink_milk4","volume":0.05},{"name":"mob\/wandering_trader\/drink_milk5","volume":0.05}],"replace":true,"subtitle":"subtitles.entity.wandering_trader.drink_milk"},"entity.wandering_trader.drink_potion":{"sounds":[{"name":"mob\/wandering_trader\/drink_potion","volume":0.035},{"name":"random\/drink","volume":0.0325}],"replace":true,"subtitle":"subtitles.entity.wandering_trader.drink_potion"},"entity.wandering_trader.hurt":{"sounds":[{"name":"mob\/wandering_trader\/hurt1","volume":0.05},{"name":"mob\/wandering_trader\/hurt2","volume":0.05},{"name":"mob\/wandering_trader\/hurt3","volume":0.05},{"name":"mob\/wandering_trader\/hurt4","volume":0.05}],"replace":true,"subtitle":"subtitles.entity.wandering_trader.hurt"},"entity.wandering_trader.no":{"sounds":[{"name":"mob\/wandering_trader\/no1","volume":0.05},{"name":"mob\/wandering_trader\/no2","volume":0.05},{"name":"mob\/wandering_trader\/no3","volume":0.05},{"name":"mob\/wandering_trader\/no4","volume":0.05},{"name":"mob\/wandering_trader\/no5","volume":0.05}],"replace":true,"subtitle":"subtitles.entity.wandering_trader.no"},"entity.wandering_trader.reappeared":{"sounds":[{"name":"mob\/wandering_trader\/reappeared1","volume":0.04},{"name":"mob\/wandering_trader\/reappeared2","volume":0.04}],"replace":true,"subtitle":"subtitles.entity.wandering_trader.reappeared"},"entity.wandering_trader.trade":{"sounds":[{"name":"mob\/wandering_trader\/haggle1","volume":0.05},{"name":"mob\/wandering_trader\/haggle2","volume":0.05},{"name":"mob\/wandering_trader\/haggle3","volume":0.05}],"replace":true,"subtitle":"subtitles.entity.wandering_trader.trade"},"entity.wandering_trader.yes":{"sounds":[{"name":"mob\/wandering_trader\/yes1","volume":0.05},{"name":"mob\/wandering_trader\/yes2","volume":0.05},{"name":"mob\/wandering_trader\/yes3","volume":0.05},{"name":"mob\/wandering_trader\/yes4","volume":0.05}],"replace":true,"subtitle":"subtitles.entity.wandering_trader.yes"},"entity.sheep.ambient":{"sounds":[{"name":"mob\/sheep\/say1","volume":0.05},{"name":"mob\/sheep\/say2","volume":0.05},{"name":"mob\/sheep\/say3","volume":0.05}],"replace":true,"subtitle":"subtitles.entity.sheep.ambient"},"entity.sheep.death":{"sounds":["mob\/sheep\/say1","mob\/sheep\/say2","mob\/sheep\/say3"],"subtitle":"subtitles.entity.sheep.death"},"entity.sheep.hurt":{"sounds":[{"name":"mob\/sheep\/say1","volume":0.05},{"name":"mob\/sheep\/say2","volume":0.05},{"name":"mob\/sheep\/say3","volume":0.05}],"replace":true,"subtitle":"subtitles.entity.sheep.hurt"},"entity.sheep.shear":{"sounds":[{"name":"mob\/sheep\/shear","volume":0.05}],"replace":true,"subtitle":"subtitles.item.shears.shear"},"entity.sheep.step":{"sounds":[{"name":"mob\/sheep\/step1","volume":0.05},{"name":"mob\/sheep\/step2","volume":0.05},{"name":"mob\/sheep\/step3","volume":0.05},{"name":"mob\/sheep\/step4","volume":0.05},{"name":"mob\/sheep\/step5","volume":0.05}],"replace":true,"subtitle":"subtitles.block.generic.footsteps"},"entity.pig.ambient":{"sounds":[{"name":"mob\/pig\/say1","volume":0.05},{"name":"mob\/pig\/say2","volume":0.05},{"name":"mob\/pig\/say3","volume":0.05}],"replace":true,"subtitle":"subtitles.entity.pig.ambient"},"entity.pig.death":{"sounds":[{"name":"mob\/pig\/death","volume":0.05}],"replace":true,"subtitle":"subtitles.entity.pig.death"},"entity.pig.hurt":{"sounds":[{"name":"mob\/pig\/say1","volume":0.05},{"name":"mob\/pig\/say2","volume":0.05},{"name":"mob\/pig\/say3","volume":0.05}],"replace":true,"subtitle":"subtitles.entity.pig.hurt"},"entity.pig.saddle":{"sounds":[{"name":"mob\/horse\/leather","volume":0.05}],"replace":true,"subtitle":"subtitles.entity.pig.saddle"},"entity.pig.step":{"sounds":[{"name":"mob\/pig\/step1","volume":0.05},{"name":"mob\/pig\/step2","volume":0.05},{"name":"mob\/pig\/step3","volume":0.05},{"name":"mob\/pig\/step4","volume":0.05},{"name":"mob\/pig\/step5","volume":0.05}],"replace":true,"subtitle":"subtitles.block.generic.footsteps"},"entity.parrot.ambient":{"sounds":[{"name":"mob\/parrot\/idle1","volume":0.035},{"name":"mob\/parrot\/idle2","volume":0.035},{"name":"mob\/parrot\/idle3","volume":0.035},{"name":"mob\/parrot\/idle4","volume":0.035},{"name":"mob\/parrot\/idle5","volume":0.035},{"name":"mob\/parrot\/idle6","volume":0.035}],"replace":true,"subtitle":"subtitles.entity.parrot.ambient"},"entity.parrot.death":{"sounds":[{"name":"mob\/parrot\/death1","pitch":0.9,"volume":0.05},{"name":"mob\/parrot\/death2","pitch":0.9,"volume":0.05},{"name":"mob\/parrot\/death3","pitch":0.9,"volume":0.05},{"name":"mob\/parrot\/death4","pitch":0.7,"volume":0.05}],"replace":true,"subtitle":"subtitles.entity.parrot.death"},"entity.parrot.eat":{"sounds":[{"name":"mob\/parrot\/eat1","volume":0.05},{"name":"mob\/parrot\/eat2","volume":0.05},{"name":"mob\/parrot\/eat3","volume":0.05}],"replace":true,"subtitle":"subtitles.entity.parrot.eats"},"entity.parrot.fly":{"sounds":[{"name":"mob\/parrot\/fly1","volume":0.05},{"name":"mob\/parrot\/fly2","volume":0.05},{"name":"mob\/parrot\/fly3","volume":0.05},{"name":"mob\/parrot\/fly4","volume":0.05},{"name":"mob\/parrot\/fly5","volume":0.05},{"name":"mob\/parrot\/fly6","volume":0.05},{"name":"mob\/parrot\/fly7","volume":0.05},{"name":"mob\/parrot\/fly8","volume":0.05}],"replace":true,"subtitle":"subtitles.entity.parrot.fly"},"entity.parrot.hurt":{"sounds":[{"name":"mob\/parrot\/hurt1","pitch":0.8,"volume":0.05},{"name":"mob\/parrot\/hurt1","pitch":0.9,"volume":0.05},{"name":"mob\/parrot\/hurt2","pitch":0.9,"volume":0.05}],"replace":true,"subtitle":"subtitles.entity.parrot.hurts"},"entity.parrot.imitate.blaze":{"sounds":[{"name":"entity.blaze.ambient","pitch":1.8,"type":"event","volume":0.02}],"replace":true,"subtitle":"subtitles.entity.parrot.imitate.blaze"},"entity.parrot.imitate.creeper":{"sounds":[{"name":"entity.creeper.primed","pitch":1.8,"type":"event","volume":0.03}],"replace":true,"subtitle":"subtitles.entity.parrot.imitate.creeper"},"entity.parrot.imitate.drowned":{"sounds":[{"name":"entity.drowned.ambient","pitch":1.8,"type":"event","volume":0.03}],"replace":true,"subtitle":"subtitles.entity.parrot.imitate.drowned"},"entity.parrot.imitate.elder_guardian":{"sounds":[{"name":"entity.elder_guardian.ambient_land","pitch":1.8,"type":"event","volume":0.035}],"replace":true,"subtitle":"subtitles.entity.parrot.imitate.elder_guardian"},"entity.parrot.imitate.ender_dragon":{"sounds":[{"name":"entity.ender_dragon.ambient","pitch":1.8,"type":"event","volume":0.01}],"replace":true,"subtitle":"subtitles.entity.parrot.imitate.ender_dragon"},"entity.parrot.imitate.endermite":{"sounds":[{"name":"entity.endermite.ambient","pitch":1.8,"type":"event","volume":0.035}],"replace":true,"subtitle":"subtitles.entity.parrot.imitate.endermite"},"entity.parrot.imitate.evoker":{"sounds":[{"name":"entity.evoker.cast_spell","pitch":1.8,"type":"event","volume":0.03}],"replace":true,"subtitle":"subtitles.entity.parrot.imitate.evoker"},"entity.parrot.imitate.ghast":{"sounds":[{"name":"entity.ghast.ambient","pitch":1.8,"type":"event","volume":0.035}],"replace":true,"subtitle":"subtitles.entity.parrot.imitate.ghast"},"entity.parrot.imitate.guardian":{"sounds":[{"name":"entity.guardian.ambient","pitch":1.8,"type":"event","volume":0.02}],"replace":true,"subtitle":"subtitles.entity.parrot.imitate.guardian"},"entity.parrot.imitate.hoglin":{"sounds":[{"name":"entity.hoglin.ambient","pitch":1.9,"type":"event","volume":0.03}],"replace":true,"subtitle":"subtitles.entity.parrot.imitate.hoglin"},"entity.parrot.imitate.husk":{"sounds":[{"name":"entity.husk.ambient","pitch":1.8,"type":"event","volume":0.03}],"replace":true,"subtitle":"subtitles.entity.parrot.imitate.husk"},"entity.parrot.imitate.illusioner":{"sounds":[{"name":"entity.illusioner.ambient","pitch":1.8,"type":"event","volume":0.035}],"replace":true,"subtitle":"subtitles.entity.parrot.imitate.illusioner"},"entity.parrot.imitate.magma_cube":{"sounds":[{"name":"entity.magma_cube.squish","pitch":1.8,"type":"event","volume":0.03}],"replace":true,"subtitle":"subtitles.entity.parrot.imitate.magma_cube"},"entity.parrot.imitate.phantom":{"sounds":[{"name":"entity.phantom.ambient","pitch":1.7,"type":"event","volume":0.03}],"replace":true,"subtitle":"subtitles.entity.parrot.imitate.phantom"},"entity.parrot.imitate.piglin":{"sounds":[{"name":"entity.piglin.ambient","pitch":1.8,"type":"event","volume":0.03}],"replace":true,"subtitle":"subtitles.entity.parrot.imitate.piglin"},"entity.parrot.imitate.piglin_brute":{"sounds":[{"name":"entity.piglin_brute.ambient","pitch":1.8,"type":"event","volume":0.03}],"replace":true,"subtitle":"subtitles.entity.parrot.imitate.piglin_brute"},"entity.parrot.imitate.pillager":{"sounds":[{"name":"entity.pillager.ambient","pitch":1.8,"type":"event","volume":0.02}],"replace":true,"subtitle":"subtitles.entity.parrot.imitate.pillager"},"entity.parrot.imitate.ravager":{"sounds":[{"name":"entity.ravager.ambient","pitch":1.8,"type":"event","volume":0.01}],"replace":true,"subtitle":"subtitles.entity.parrot.imitate.ravager"},"entity.parrot.imitate.shulker":{"sounds":[{"name":"entity.shulker.ambient","pitch":1.7,"type":"event","volume":0.02}],"replace":true,"subtitle":"subtitles.entity.parrot.imitate.shulker"},"entity.parrot.imitate.silverfish":{"sounds":[{"name":"entity.silverfish.ambient","pitch":1.8,"type":"event","volume":0.035}],"replace":true,"subtitle":"subtitles.entity.parrot.imitate.silverfish"},"entity.parrot.imitate.skeleton":{"sounds":[{"name":"entity.skeleton.ambient","pitch":1.7,"type":"event","volume":0.05}],"replace":true,"subtitle":"subtitles.entity.parrot.imitate.skeleton"},"entity.parrot.imitate.slime":{"sounds":[{"name":"entity.slime.squish","pitch":1.8,"type":"event","volume":0.03}],"replace":true,"subtitle":"subtitles.entity.parrot.imitate.slime"},"entity.parrot.imitate.spider":{"sounds":[{"name":"entity.spider.ambient","pitch":1.8,"type":"event","volume":0.03}],"replace":true,"subtitle":"subtitles.entity.parrot.imitate.spider"},"entity.parrot.imitate.stray":{"sounds":[{"name":"entity.stray.ambient","pitch":1.6,"type":"event","volume":0.03}],"replace":true,"subtitle":"subtitles.entity.parrot.imitate.stray"},"entity.parrot.imitate.vex":{"sounds":[{"name":"entity.vex.ambient","pitch":1.6,"type":"event","volume":0.04}],"replace":true,"subtitle":"subtitles.entity.parrot.imitate.vex"},"entity.parrot.imitate.vindicator":{"sounds":[{"name":"entity.vindicator.ambient","pitch":1.7,"type":"event","volume":0.03}],"replace":true,"subtitle":"subtitles.entity.parrot.imitate.vindicator"},"entity.parrot.imitate.warden":{"sounds":[{"name":"entity.warden.tendril_clicks","pitch":2,"type":"event","volume":0.04}],"replace":true,"subtitle":"subtitles.entity.parrot.imitate.warden"},"entity.parrot.imitate.witch":{"sounds":[{"name":"entity.witch.ambient","pitch":1.8,"type":"event","volume":0.025}],"replace":true,"subtitle":"subtitles.entity.parrot.imitate.witch"},"entity.parrot.imitate.wither":{"sounds":[{"name":"entity.wither.ambient","pitch":1.8,"type":"event","volume":0.01}],"replace":true,"subtitle":"subtitles.entity.parrot.imitate.wither"},"entity.parrot.imitate.wither_skeleton":{"sounds":[{"name":"entity.wither_skeleton.ambient","pitch":1.8,"type":"event","volume":0.035}],"replace":true,"subtitle":"subtitles.entity.parrot.imitate.wither_skeleton"},"entity.parrot.imitate.zoglin":{"sounds":[{"name":"entity.zoglin.ambient","pitch":1.9,"type":"event","volume":0.03}],"replace":true,"subtitle":"subtitles.entity.parrot.imitate.zoglin"},"entity.parrot.imitate.zombie":{"sounds":[{"name":"entity.zombie.ambient","pitch":1.8,"type":"event","volume":0.03}],"replace":true,"subtitle":"subtitles.entity.parrot.imitate.zombie"},"entity.parrot.imitate.zombie_villager":{"sounds":[{"name":"entity.zombie_villager.ambient","pitch":1.8,"type":"event","volume":0.03}],"replace":true,"subtitle":"subtitles.entity.parrot.imitate.zombie_villager"},"entity.parrot.step":{"sounds":[{"name":"mob\/parrot\/step1","volume":0.05},{"name":"mob\/parrot\/step2","volume":0.05},{"name":"mob\/parrot\/step3","volume":0.05},{"name":"mob\/parrot\/step4","volume":0.05},{"name":"mob\/parrot\/step5","volume":0.05}],"replace":true},"entity.iron_golem.attack":{"sounds":[{"name":"mob\/irongolem\/throw","volume":0.04}],"replace":true,"subtitle":"subtitles.entity.iron_golem.attack"},"entity.iron_golem.damage":{"sounds":[{"name":"mob\/irongolem\/damage1","volume":0.04},{"name":"mob\/irongolem\/damage1","pitch":0.8,"volume":0.04},{"name":"mob\/irongolem\/damage2","volume":0.04},{"name":"mob\/irongolem\/damage2","pitch":0.8,"volume":0.04}],"replace":true,"subtitle":"subtitles.entity.iron_golem.damage"},"entity.iron_golem.death":{"sounds":[{"name":"mob\/irongolem\/death","volume":0.05}],"replace":true,"subtitle":"subtitles.entity.iron_golem.death"},"entity.iron_golem.hurt":{"sounds":[{"name":"mob\/irongolem\/hit1","volume":0.05},{"name":"mob\/irongolem\/hit2","volume":0.05},{"name":"mob\/irongolem\/hit3","volume":0.05},{"name":"mob\/irongolem\/hit4","volume":0.05}],"replace":true,"subtitle":"subtitles.entity.iron_golem.hurt"},"entity.iron_golem.repair":{"sounds":[{"name":"mob\/irongolem\/repair","volume":0.05}],"replace":true,"subtitle":"subtitles.entity.iron_golem.repair"},"entity.iron_golem.step":{"sounds":[{"name":"mob\/irongolem\/walk1","volume":0.05},{"name":"mob\/irongolem\/walk2","volume":0.05},{"name":"mob\/irongolem\/walk3","volume":0.05},{"name":"mob\/irongolem\/walk4","volume":0.05}],"replace":true,"subtitle":"subtitles.block.generic.footsteps"},"entity.cod.flop":{"sounds":[{"name":"entity\/fish\/flop1","volume":0.015},{"name":"entity\/fish\/flop2","volume":0.015},{"name":"entity\/fish\/flop3","volume":0.015},{"name":"entity\/fish\/flop4","volume":0.015}],"replace":true,"subtitle":"subtitles.entity.cod.flop"},"entity.cod.hurt":{"sounds":[{"name":"entity\/fish\/hurt1","volume":0.05},{"name":"entity\/fish\/hurt2","volume":0.05},{"name":"entity\/fish\/hurt3","volume":0.05},{"name":"entity\/fish\/hurt4","volume":0.05}],"replace":true,"subtitle":"subtitles.entity.cod.hurt"},"entity.cod.death":{"sounds":[{"name":"entity\/fish\/hurt1","volume":0.05},{"name":"entity\/fish\/hurt2","volume":0.05},{"name":"entity\/fish\/hurt3","volume":0.05},{"name":"entity\/fish\/hurt4","volume":0.05}],"replace":true,"subtitle":"subtitles.entity.cod.death"},"entity.salmon.flop":{"sounds":[{"name":"entity\/fish\/flop1","volume":0.015},{"name":"entity\/fish\/flop2","volume":0.015},{"name":"entity\/fish\/flop3","volume":0.015},{"name":"entity\/fish\/flop4","volume":0.015}],"replace":true,"subtitle":"subtitles.entity.salmon.flop"},"entity.salmon.hurt":{"sounds":[{"name":"entity\/fish\/hurt1","volume":0.05},{"name":"entity\/fish\/hurt2","volume":0.05},{"name":"entity\/fish\/hurt3","volume":0.05},{"name":"entity\/fish\/hurt4","volume":0.05}],"replace":true,"subtitle":"subtitles.entity.salmon.hurt"},"entity.salmon.death":{"sounds":[{"name":"entity\/fish\/hurt1","volume":0.05},{"name":"entity\/fish\/hurt2","volume":0.05},{"name":"entity\/fish\/hurt3","volume":0.05},{"name":"entity\/fish\/hurt4","volume":0.05}],"replace":true,"subtitle":"subtitles.entity.salmon.death"},"entity.tropical_fish.flop":{"sounds":[{"name":"entity\/fish\/flop1","volume":0.015},{"name":"entity\/fish\/flop2","volume":0.015},{"name":"entity\/fish\/flop3","volume":0.015},{"name":"entity\/fish\/flop4","volume":0.015}],"replace":true,"subtitle":"subtitles.entity.tropical_fish.flop"},"entity.tropical_fish.hurt":{"sounds":[{"name":"entity\/fish\/hurt1","volume":0.05},{"name":"entity\/fish\/hurt2","volume":0.05},{"name":"entity\/fish\/hurt3","volume":0.05},{"name":"entity\/fish\/hurt4","volume":0.05}],"replace":true,"subtitle":"subtitles.entity.tropical_fish.hurt"},"entity.tropical_fish.death":{"sounds":[{"name":"entity\/fish\/hurt1","volume":0.05},{"name":"entity\/fish\/hurt2","volume":0.05},{"name":"entity\/fish\/hurt3","volume":0.05},{"name":"entity\/fish\/hurt4","volume":0.05}],"replace":true,"subtitle":"subtitles.entity.tropical_fish.death"},"entity.puffer_fish.blow_out":{"sounds":[{"name":"entity\/pufferfish\/blow_out1","volume":0.035},{"name":"entity\/pufferfish\/blow_out2","volume":0.035}],"replace":true,"subtitle":"subtitles.entity.puffer_fish.blow_out"},"entity.puffer_fish.blow_up":{"sounds":[{"name":"entity\/pufferfish\/blow_up1","volume":0.0225},{"name":"entity\/pufferfish\/blow_up2","volume":0.0225}],"replace":true,"subtitle":"subtitles.entity.puffer_fish.blow_up"},"entity.puffer_fish.death":{"sounds":[{"name":"entity\/pufferfish\/death1","volume":0.05},{"name":"entity\/pufferfish\/death2","volume":0.05}],"replace":true,"subtitle":"subtitles.entity.puffer_fish.death"},"entity.puffer_fish.flop":{"sounds":[{"name":"entity\/pufferfish\/flop1","volume":0.015},{"name":"entity\/pufferfish\/flop2","volume":0.015},{"name":"entity\/pufferfish\/flop3","volume":0.015},{"name":"entity\/pufferfish\/flop4","volume":0.015}],"replace":true,"subtitle":"subtitles.entity.puffer_fish.flop"},"entity.puffer_fish.hurt":{"sounds":[{"name":"entity\/pufferfish\/hurt1","volume":0.05},{"name":"entity\/pufferfish\/hurt2","volume":0.05}],"replace":true,"subtitle":"subtitles.entity.puffer_fish.hurt"},"entity.puffer_fish.sting":{"sounds":[{"name":"entity\/pufferfish\/sting1","volume":0.05},{"name":"entity\/pufferfish\/sting2","volume":0.05}],"replace":true,"subtitle":"subtitles.entity.puffer_fish.sting"},"entity.enderman.ambient":{"sounds":[{"name":"mob\/endermen\/idle1","volume":0.05},{"name":"mob\/endermen\/idle2","volume":0.05},{"name":"mob\/endermen\/idle3","volume":0.05},{"name":"mob\/endermen\/idle4","volume":0.05},{"name":"mob\/endermen\/idle5","volume":0.05}],"replace":true,"subtitle":"subtitles.entity.enderman.ambient"},"entity.enderman.death":{"sounds":[{"name":"mob\/endermen\/death","volume":0.05}],"replace":true,"subtitle":"subtitles.entity.enderman.death"},"entity.enderman.hurt":{"sounds":[{"name":"mob\/endermen\/hit1","volume":0.05},{"name":"mob\/endermen\/hit2","volume":0.05},{"name":"mob\/endermen\/hit3","volume":0.05},{"name":"mob\/endermen\/hit4","volume":0.05}],"replace":true,"subtitle":"subtitles.entity.enderman.hurt"},"entity.enderman.scream":{"sounds":[{"name":"mob\/endermen\/scream1","volume":0.05},{"name":"mob\/endermen\/scream2","volume":0.05},{"name":"mob\/endermen\/scream3","volume":0.05},{"name":"mob\/endermen\/scream4","volume":0.05}],"replace":true,"subtitle":"subtitles.entity.enderman.scream"},"entity.enderman.stare":{"sounds":[{"name":"mob\/endermen\/stare","volume":0.05}],"replace":true,"subtitle":"subtitles.entity.enderman.stare"},"entity.enderman.teleport":{"sounds":[{"name":"mob\/endermen\/portal","volume":0.05},{"name":"mob\/endermen\/portal2","volume":0.05}],"replace":true,"subtitle":"subtitles.entity.enderman.teleport"},"entity.cow.ambient":{"sounds":[{"name":"mob\/cow\/say1","volume":0.05},{"name":"mob\/cow\/say2","volume":0.05},{"name":"mob\/cow\/say3","volume":0.05},{"name":"mob\/cow\/say4","volume":0.05}],"replace":true,"subtitle":"subtitles.entity.cow.ambient"},"entity.cow.death":{"sounds":[{"name":"mob\/cow\/hurt1","volume":0.05},{"name":"mob\/cow\/hurt2","volume":0.05},{"name":"mob\/cow\/hurt3","volume":0.05}],"replace":true,"subtitle":"subtitles.entity.cow.death"},"entity.cow.hurt":{"sounds":[{"name":"mob\/cow\/hurt1","volume":0.05},{"name":"mob\/cow\/hurt2","volume":0.05},{"name":"mob\/cow\/hurt3","volume":0.05}],"replace":true,"subtitle":"subtitles.entity.cow.hurt"},"entity.cow.milk":{"sounds":[{"name":"mob\/cow\/milk1","volume":0.05},{"name":"mob\/cow\/milk2","volume":0.05},{"name":"mob\/cow\/milk3","volume":0.05}],"replace":true,"subtitle":"subtitles.entity.cow.milk"},"entity.cow.step":{"sounds":[{"name":"mob\/cow\/step1","volume":0.05},{"name":"mob\/cow\/step2","volume":0.05},{"name":"mob\/cow\/step3","volume":0.05},{"name":"mob\/cow\/step4","volume":0.05}],"replace":true,"subtitle":"subtitles.block.generic.footsteps"},"entity.chicken.ambient":{"sounds":[{"name":"mob\/chicken\/say1","volume":0.05},{"name":"mob\/chicken\/say2","volume":0.05},{"name":"mob\/chicken\/say3","volume":0.05}],"replace":true,"subtitle":"subtitles.entity.chicken.ambient"},"entity.chicken.death":{"sounds":[{"name":"mob\/chicken\/hurt1","volume":0.05},{"name":"mob\/chicken\/hurt2","volume":0.05}],"replace":true,"subtitle":"subtitles.entity.chicken.death"},"entity.chicken.egg":{"sounds":[{"name":"mob\/chicken\/plop","volume":0.05}],"replace":true,"subtitle":"subtitles.entity.chicken.egg"},"entity.chicken.hurt":{"sounds":[{"name":"mob\/chicken\/hurt1","volume":0.05},{"name":"mob\/chicken\/hurt2","volume":0.05}],"replace":true,"subtitle":"subtitles.entity.chicken.hurt"},"entity.chicken.step":{"sounds":[{"name":"mob\/chicken\/step1","volume":0.05},{"name":"mob\/chicken\/step2","volume":0.05}],"replace":true,"subtitle":"subtitles.block.generic.footsteps"},"entity.cat.ambient":{"sounds":[{"name":"mob\/cat\/meow1","volume":0.03},{"name":"mob\/cat\/meow2","volume":0.025},{"name":"mob\/cat\/meow3","volume":0.03},{"name":"mob\/cat\/meow4","volume":0.025}],"replace":true,"subtitle":"subtitles.entity.cat.ambient"},"entity.cat.beg_for_food":{"sounds":[{"name":"mob\/cat\/beg1","volume":0.035},{"name":"mob\/cat\/beg2","volume":0.035},{"name":"mob\/cat\/beg3","volume":0.035}],"replace":true,"subtitle":"subtitles.entity.cat.beg_for_food"},"entity.cat.death":{"sounds":[{"name":"mob\/cat\/hitt1","pitch":0.9,"volume":0.0375},{"name":"mob\/cat\/hitt2","pitch":0.9,"volume":0.0375},{"name":"mob\/cat\/hitt3","pitch":0.9,"volume":0.0375}],"replace":true,"subtitle":"subtitles.entity.cat.death"},"entity.cat.eat":{"sounds":[{"name":"mob\/cat\/eat1","volume":0.05},{"name":"mob\/cat\/eat2","volume":0.05}],"replace":true,"subtitle":"subtitles.entity.cat.eat"},"entity.cat.hiss":{"sounds":[{"name":"mob\/cat\/hiss1","volume":0.02},{"name":"mob\/cat\/hiss2","volume":0.02},{"name":"mob\/cat\/hiss3","volume":0.02}],"replace":true,"subtitle":"subtitles.entity.cat.hiss"},"entity.cat.hurt":{"sounds":[{"name":"mob\/cat\/hitt1","volume":0.0325},{"name":"mob\/cat\/hitt2","volume":0.0325},{"name":"mob\/cat\/hitt3","volume":0.0325}],"replace":true,"subtitle":"subtitles.entity.cat.hurt"},"entity.cat.purr":{"sounds":[{"name":"mob\/cat\/purr1","volume":0.035},{"name":"mob\/cat\/purr2","volume":0.035},{"name":"mob\/cat\/purr3","volume":0.035}],"replace":true,"subtitle":"subtitles.entity.cat.purr"},"entity.cat.purreow":{"sounds":[{"name":"mob\/cat\/purreow1","volume":0.025},{"name":"mob\/cat\/purreow2","volume":0.025}],"replace":true,"subtitle":"subtitles.entity.cat.ambient"},"entity.cat.stray_ambient":{"sounds":[{"name":"mob\/cat\/stray\/idle1","volume":0.0175},{"name":"mob\/cat\/stray\/idle2","volume":0.0175},{"name":"mob\/cat\/stray\/idle3","volume":0.0175},{"name":"mob\/cat\/stray\/idle4","volume":0.0175}],"replace":true,"subtitle":"subtitles.entity.cat.ambient"},"entity.bat.ambient":{"sounds":[{"name":"mob\/bat\/idle1","volume":0.05},{"name":"mob\/bat\/idle2","volume":0.05},{"name":"mob\/bat\/idle3","volume":0.05},{"name":"mob\/bat\/idle4","volume":0.05}],"replace":true,"subtitle":"subtitles.entity.bat.ambient"},"entity.bat.death":{"sounds":[{"name":"mob\/bat\/death","volume":0.05}],"replace":true,"subtitle":"subtitles.entity.bat.death"},"entity.bat.hurt":{"sounds":[{"name":"mob\/bat\/hurt1","volume":0.05},{"name":"mob\/bat\/hurt2","volume":0.05},{"name":"mob\/bat\/hurt3","volume":0.05},{"name":"mob\/bat\/hurt4","volume":0.05}],"replace":true,"subtitle":"subtitles.entity.bat.hurt"},"entity.bat.loop":{"sounds":[{"name":"mob\/bat\/loop","volume":0.05}]},"entity.bat.takeoff":{"sounds":[{"name":"mob\/bat\/takeoff","volume":0.05}],"replace":true,"subtitle":"subtitles.entity.bat.takeoff"}}